{
    "is_drift_in_non_work_day": 0,
    "is_drift_in_work_day": 0,
    "nowrk_training_error": 0.003176401856378222,
    "wrk_training_error": 0.012526282460550105
}