{
    "mean_absolute_error": 69.22803347280335,
    "r2_score": 0.5498496562586477
}