{
    "mean_absolute_error": 28.45708158995816,
    "r2_score": 0.9294284601640533
}